{
    "ic_id": 95,
    "ica_id": 819,
    "question": "You are given a 9x9 grid filled with numbers from 1 to 9. Your task is to write a function that checks if the grid represents a valid Sudoku solution. A valid Sudoku solution must satisfy the following conditions:\n\n1. Each row contains all numbers from 1 to 9 without repetition\n2. Each column contains all numbers from 1 to 9 without repetition\n3. Each of the nine 3x3 sub-grids contains all numbers from 1 to 9 without repetition.\n\nYour function should return a boolean value.",
    "rules": [
        "You cannot use any external dependencies or libraries."
    ],
    "examples": "[\"[[5,3,4,6,7,8,9,1,2],[6,7,2,1,9,5,3,4,8],[1,9,8,3,4,2,5,6,7],[8,5,9,7,6,1,4,2,3],[4,2,6,8,5,3,7,9,1],[7,1,3,9,2,4,8,5,6],[9,6,1,5,3,7,2,8,4],[2,8,7,4,1,9,6,3,5],[3,4,5,2,8,6,1,7,9]]\", \"[[5,3,4,6,7,8,9,1,2],[6,7,2,1,9,5,3,4,8],[1,9,8,3,4,2,5,6,7],[8,5,9,7,6,1,4,2,3],[4,2,6,8,5,3,7,9,1],[7,1,3,9,2,4,8,5,6],[9,6,1,5,3,7,2,8,4],[2,8,7,4,1,9,6,3,5],[3,4,5,2,8,6,1,7,1]]\"]",
    "programming_language": "C++",
    "response_time": 3600,
    "score": 2,
    "score_range": 3,
    "weight": 200.0,
    "total_weight": 300.0
}