{
    "ic_id": 490,
    "ica_id": 4620,
    "question": "Create a Python function to merge a set of intervals. If any intervals overlap, merge them into a single interval. The function returns the merged list of intervals sorted by their start times.",
    "rules": [
        "Do not use any library functions intended for interval manipulation.",
        "Ensure the output list is sorted."
    ],
    "examples": "Input: [[1,3],[2,6],[8,10],[15,18]] Output: [[1,6],[8,10],[15,18]]\n\nInput: [[1,4],[4,5]] Output: [[1,5]]",
    "programming_language": "Python",
    "response_time": 1472,
    "score": 3,
    "score_range": 3,
    "weight": 150.0,
    "total_weight": 150.0
}