{
    "ic_id": 322,
    "ica_id": 3181,
    "question": "Design a Python script that accepts a list of integers and rearranges the elements such that all the zeros have been moved to the end of the list, while maintaining the relative order of the non-zero elements.",
    "rules": [
        "Do not use any library methods that directly solve the problem.",
        "The original list must be modified in-place."
    ],
    "examples": "Input: [0, 1, 0, 3, 12] Output: [1, 3, 12, 0, 0]\\nInput: [0, 0, 1] Output: [1, 0, 0]",
    "programming_language": "Python",
    "response_time": 1035,
    "score": 3,
    "score_range": 3,
    "weight": 100.0,
    "total_weight": 100.0
}